device_id,timestamp,product_sku,heart_rate_bpm,spo2_pct,core_temp_c,eeg_alpha_band,motion_accel_x,motion_accel_y,signal_quality,batch_id
DEV-1672,2024-01-01T00:00:00,CEP-001,81,99.5,37.23,8.44,-0.5813,-1.1361,POOR,BATCH-20240101
DEV-5250,2024-01-01T01:05:00,EARBUD-002,96,99.8,36.86,8.4,0.9251,-0.4309,ACCEPTABLE,BATCH-20240101
DEV-2516,2024-01-01T02:45:00,EARSHIELD-004,74,98.7,36.21,10.75,0.4109,-0.407,ACCEPTABLE,BATCH-20240101
DEV-3252,2024-01-01T03:04:00,EARDEF-003,59,98.6,37.55,11.76,-0.2834,-0.0426,POOR,BATCH-20240101
DEV-9266,2024-01-01T04:51:00,EARDEF-003,98,95.7,37.01,12.61,0.4219,-0.5008,GOOD,BATCH-20240101
DEV-8895,2024-01-01T05:33:00,EARSHIELD-004,90,95.2,36.57,13.03,0.7723,-1.01,ACCEPTABLE,BATCH-20240101
DEV-9144,2024-01-01T06:22:00,EARSHIELD-004,102,94.2,36.42,8.07,1.0551,0.6385,ACCEPTABLE,BATCH-20240101
DEV-5868,2024-01-01T08:13:00,EARSHIELD-004,72,94.9,36.23,8.08,-0.1888,0.7821,GOOD,BATCH-20240101
DEV-1334,2024-01-01T09:31:00,CEP-001,97,98.6,36.51,13.01,-0.9273,-0.7796,ACCEPTABLE,BATCH-20240101
DEV-6697,2024-01-01T09:56:00,EARSHIELD-004,96,98.1,36.11,8.28,-0.9184,0.6893,ACCEPTABLE,BATCH-20240101
DEV-8265,2024-01-01T10:52:00,EARSHIELD-004,68,99.1,37.4,11.99,-0.7137,-0.2761,GOOD,BATCH-20240101
DEV-2621,2024-01-01T11:52:00,CEP-001,104,96.0,36.9,9.34,-0.1563,0.1457,GOOD,BATCH-20240101
DEV-4421,2024-01-01T13:31:00,EARSHIELD-004,83,95.9,36.77,8.53,0.7585,0.9535,POOR,BATCH-20240101
DEV-8302,2024-01-01T13:48:00,EARBUD-002,59,94.8,37.48,13.17,0.6754,-0.959,POOR,BATCH-20240101
DEV-9309,2024-01-01T14:49:00,EARSHIELD-004,105,98.0,36.93,11.62,-0.8499,-0.8674,POOR,BATCH-20240101
DEV-7185,2024-01-01T15:29:00,EARDEF-003,62,99.5,37.18,8.67,0.7996,1.0055,POOR,BATCH-20240101
DEV-6242,2024-01-01T15:53:00,EARDEF-003,77,95.7,37.23,13.31,0.7089,0.812,GOOD,BATCH-20240101
DEV-6794,2024-01-01T16:56:00,CEP-001,69,98.6,36.41,11.52,-0.6861,1.1212,ACCEPTABLE,BATCH-20240101
DEV-4186,2024-01-01T17:34:00,CEP-001,89,98.3,37.06,12.07,-0.3671,-0.9016,ACCEPTABLE,BATCH-20240101
DEV-7100,2024-01-01T19:02:00,EARBUD-002,78,99.9,36.79,12.38,0.0702,-1.0568,GOOD,BATCH-20240101
DEV-5904,2024-01-01T19:45:00,EARDEF-003,82,98.8,36.48,8.46,0.5672,-0.9537,POOR,BATCH-20240101
DEV-9069,2024-01-01T21:33:00,EARBUD-002,71,97.1,36.39,11.83,-0.5867,1.1055,ACCEPTABLE,BATCH-20240101
DEV-6245,2024-01-01T23:19:00,EARBUD-002,80,95.4,36.84,10.65,0.3595,0.2214,GOOD,BATCH-20240101
DEV-6615,2024-01-02T00:42:00,EARDEF-003,60,95.0,37.4,13.21,-0.1799,0.3082,ACCEPTABLE,BATCH-20240102
DEV-4345,2024-01-02T02:21:00,CEP-001,100,97.2,36.64,11.7,0.6938,-0.0246,POOR,BATCH-20240102
DEV-4029,2024-01-02T03:02:00,EARBUD-002,93,97.2,37.58,11.15,0.5741,-0.4858,POOR,BATCH-20240102
DEV-4194,2024-01-02T04:27:00,EARDEF-003,59,96.8,37.22,11.15,-0.9261,0.6989,GOOD,BATCH-20240102
DEV-1991,2024-01-02T06:14:00,EARDEF-003,99,99.3,36.82,12.03,-0.1715,-0.0237,GOOD,BATCH-20240102
DEV-8257,2024-01-02T07:25:00,EARBUD-002,79,94.3,36.22,9.62,-0.2486,-0.054,GOOD,BATCH-20240102
DEV-1075,2024-01-02T08:54:00,EARBUD-002,84,96.0,37.4,11.34,-0.1795,-0.8036,POOR,BATCH-20240102
DEV-5487,2024-01-02T09:33:00,CEP-001,98,96.6,36.31,11.72,0.18,0.0721,ACCEPTABLE,BATCH-20240102
DEV-8238,2024-01-02T11:20:00,EARBUD-002,90,96.0,37.08,11.13,-0.1155,-0.8628,GOOD,BATCH-20240102
DEV-6306,2024-01-02T12:13:00,CEP-001,87,98.1,36.24,8.6,-0.1889,0.593,ACCEPTABLE,BATCH-20240102
DEV-4985,2024-01-02T12:57:00,EARDEF-003,93,97.7,37.72,8.13,-0.4103,-0.3415,GOOD,BATCH-20240102
DEV-2184,2024-01-02T14:02:00,EARSHIELD-004,79,99.0,36.36,10.21,-0.7646,0.3721,POOR,BATCH-20240102
DEV-7737,2024-01-02T14:36:00,EARDEF-003,86,95.8,36.23,9.02,-0.9658,-0.2141,GOOD,BATCH-20240102
DEV-3209,2024-01-02T16:26:00,EARBUD-002,92,94.3,36.39,10.39,-0.0638,-0.3268,POOR,BATCH-20240102
DEV-4511,2024-01-02T16:57:00,CEP-001,88,95.1,36.46,9.92,0.617,1.0515,GOOD,BATCH-20240102
DEV-8663,2024-01-02T18:57:00,CEP-001,95,97.6,37.08,8.41,0.1388,-0.7281,ACCEPTABLE,BATCH-20240102
DEV-1850,2024-01-02T19:56:00,EARBUD-002,103,94.8,36.6,9.42,0.867,0.4374,GOOD,BATCH-20240102
DEV-1915,2024-01-02T21:41:00,EARSHIELD-004,89,99.5,37.26,8.41,1.076,0.6981,GOOD,BATCH-20240102
DEV-6295,2024-01-02T22:22:00,EARBUD-002,64,96.6,37.67,10.37,0.0456,-0.5989,POOR,BATCH-20240102
DEV-6605,2024-01-03T00:15:00,EARBUD-002,83,96.8,36.65,11.12,0.5732,-0.0894,POOR,BATCH-20240103
DEV-1389,2024-01-03T00:54:00,CEP-001,104,95.2,37.61,9.24,0.3025,1.0441,ACCEPTABLE,BATCH-20240103
DEV-6359,2024-01-03T01:34:00,EARBUD-002,59,99.8,36.82,11.84,-0.9337,-0.2679,GOOD,BATCH-20240103
DEV-8396,2024-01-03T03:27:00,CEP-001,65,94.8,36.46,9.9,0.33,-0.1928,ACCEPTABLE,BATCH-20240103
DEV-3857,2024-01-03T04:08:00,CEP-001,73,94.6,37.25,8.81,-0.5262,0.7865,POOR,BATCH-20240103
DEV-8025,2024-01-03T04:50:00,EARSHIELD-004,97,98.3,36.54,9.21,0.0431,-0.9807,ACCEPTABLE,BATCH-20240103
DEV-5404,2024-01-03T05:35:00,EARSHIELD-004,88,96.7,36.23,13.16,-0.3521,-0.6805,POOR,BATCH-20240103
DEV-4728,2024-01-03T06:21:00,EARDEF-003,100,100.0,36.45,12.04,-0.1229,-0.6959,POOR,BATCH-20240103
DEV-2117,2024-01-03T07:37:00,EARDEF-003,59,99.2,37.52,11.46,-0.7773,-0.2684,ACCEPTABLE,BATCH-20240103
DEV-3203,2024-01-03T08:50:00,EARSHIELD-004,67,96.8,36.68,8.09,0.3429,-0.7213,GOOD,BATCH-20240103
DEV-3229,2024-01-03T09:27:00,EARSHIELD-004,70,97.9,37.41,11.54,-0.6659,1.0212,ACCEPTABLE,BATCH-20240103
DEV-5845,2024-01-03T10:47:00,EARDEF-003,69,96.3,36.82,11.73,0.2929,-1.0356,POOR,BATCH-20240103
DEV-6854,2024-01-03T12:35:00,EARSHIELD-004,76,96.1,37.06,9.17,-0.9569,0.5861,POOR,BATCH-20240103
DEV-5328,2024-01-03T13:20:00,CEP-001,94,98.7,36.49,13.08,-0.2672,0.6783,GOOD,BATCH-20240103
DEV-2072,2024-01-03T14:03:00,EARSHIELD-004,91,99.4,36.63,12.03,0.9617,-0.0058,POOR,BATCH-20240103
DEV-6672,2024-01-03T15:32:00,CEP-001,90,99.1,36.75,9.38,-0.2328,-1.1941,ACCEPTABLE,BATCH-20240103
DEV-5818,2024-01-03T15:52:00,EARBUD-002,85,97.1,36.48,11.48,-0.3622,-0.0578,GOOD,BATCH-20240103
DEV-7215,2024-01-03T16:31:00,CEP-001,69,97.1,36.38,9.99,0.7505,-0.2255,POOR,BATCH-20240103
DEV-7084,2024-01-03T18:07:00,EARBUD-002,74,96.2,36.69,12.24,0.3823,-0.5873,GOOD,BATCH-20240103
DEV-5135,2024-01-03T18:50:00,EARBUD-002,81,97.5,36.38,10.17,-0.1716,0.1903,ACCEPTABLE,BATCH-20240103
DEV-7114,2024-01-03T19:25:00,EARDEF-003,85,97.9,36.95,12.65,0.3251,0.8531,ACCEPTABLE,BATCH-20240103
DEV-4115,2024-01-03T20:23:00,EARBUD-002,95,97.4,36.14,12.42,-0.5485,-1.0793,POOR,BATCH-20240103
DEV-6498,2024-01-03T21:05:00,EARBUD-002,66,97.9,37.38,11.36,0.2941,0.2563,POOR,BATCH-20240103
DEV-7568,2024-01-03T21:44:00,CEP-001,69,94.2,37.49,9.43,1.106,0.3941,ACCEPTABLE,BATCH-20240103
DEV-9174,2024-01-03T23:15:00,CEP-001,96,99.0,36.86,9.73,-0.6865,-0.6195,POOR,BATCH-20240103
DEV-4891,2024-01-04T01:02:00,EARSHIELD-004,88,97.8,36.66,12.77,0.4719,-0.1206,GOOD,BATCH-20240104
DEV-4840,2024-01-04T02:09:00,EARSHIELD-004,84,95.3,36.23,9.15,0.6326,0.9038,POOR,BATCH-20240104
DEV-7898,2024-01-04T03:01:00,CEP-001,64,96.7,36.4,9.52,-0.6201,-0.8545,POOR,BATCH-20240104
DEV-6435,2024-01-04T04:11:00,CEP-001,73,96.3,36.38,11.89,-1.0159,-0.6809,GOOD,BATCH-20240104
DEV-5538,2024-01-04T04:50:00,EARBUD-002,74,97.5,36.7,10.42,-0.8935,-0.7249,POOR,BATCH-20240104
DEV-7187,2024-01-04T06:17:00,EARBUD-002,104,95.2,37.7,12.14,0.2299,0.4142,GOOD,BATCH-20240104
DEV-4912,2024-01-04T08:14:00,CEP-001,104,94.9,36.11,9.8,0.6569,1.0555,GOOD,BATCH-20240104
DEV-3235,2024-01-04T09:34:00,EARDEF-003,94,94.3,37.51,11.99,-0.1781,1.128,ACCEPTABLE,BATCH-20240104
DEV-3171,2024-01-04T10:14:00,EARDEF-003,82,95.1,37.04,13.12,1.0876,0.4098,POOR,BATCH-20240104
DEV-6190,2024-01-04T11:09:00,CEP-001,88,95.5,37.65,11.3,0.4525,-0.7098,POOR,BATCH-20240104
DEV-9132,2024-01-04T12:44:00,CEP-001,103,96.1,36.64,10.97,-1.0182,-0.7647,POOR,BATCH-20240104
DEV-3303,2024-01-04T13:27:00,EARBUD-002,71,99.8,36.34,11.74,-0.6778,-0.6539,POOR,BATCH-20240104
DEV-2052,2024-01-04T13:52:00,EARSHIELD-004,98,94.9,37.29,10.9,0.1972,-0.1697,POOR,BATCH-20240104
DEV-1514,2024-01-04T14:44:00,EARSHIELD-004,87,95.8,37.04,10.23,1.1111,1.1723,GOOD,BATCH-20240104
DEV-9655,2024-01-04T16:39:00,EARBUD-002,80,96.6,36.71,9.98,1.1004,-0.4826,GOOD,BATCH-20240104
DEV-2907,2024-01-04T18:17:00,EARDEF-003,60,99.3,36.77,8.8,-0.7326,-0.0452,POOR,BATCH-20240104
DEV-3063,2024-01-04T18:34:00,EARBUD-002,96,98.4,37.42,9.21,0.7155,-1.0371,GOOD,BATCH-20240104
DEV-3096,2024-01-04T19:11:00,CEP-001,86,99.4,37.75,10.94,-0.6374,-0.6205,POOR,BATCH-20240104
DEV-2218,2024-01-04T19:51:00,CEP-001,69,97.3,36.25,10.38,-0.5199,-0.7605,GOOD,BATCH-20240104
DEV-9586,2024-01-04T21:42:00,EARSHIELD-004,102,96.8,37.45,13.35,0.4309,0.7659,ACCEPTABLE,BATCH-20240104
DEV-4343,2024-01-04T21:59:00,EARBUD-002,64,98.4,36.53,13.45,0.0114,1.1231,GOOD,BATCH-20240104
DEV-3922,2024-01-04T22:34:00,EARSHIELD-004,96,98.9,36.12,9.57,-0.4038,0.8575,ACCEPTABLE,BATCH-20240104
DEV-2316,2024-01-04T23:35:00,EARBUD-002,87,98.4,37.59,10.52,-0.2592,-0.7021,POOR,BATCH-20240104
DEV-8315,2024-01-05T01:30:00,EARBUD-002,86,98.0,36.61,10.51,0.1396,-0.2654,POOR,BATCH-20240105
DEV-4276,2024-01-05T03:12:00,EARBUD-002,95,95.9,36.67,10.65,-0.944,-0.4837,POOR,BATCH-20240105
DEV-3875,2024-01-05T05:12:00,EARDEF-003,97,98.2,37.54,12.4,0.7484,0.8269,GOOD,BATCH-20240105
DEV-5334,2024-01-05T06:26:00,EARBUD-002,81,97.1,37.13,12.15,0.9128,-0.4333,GOOD,BATCH-20240105
DEV-1049,2024-01-05T07:57:00,EARBUD-002,86,95.8,36.81,9.96,1.098,-1.0775,POOR,BATCH-20240105
DEV-1225,2024-01-05T08:26:00,EARSHIELD-004,97,99.1,36.77,10.28,0.3182,0.7139,ACCEPTABLE,BATCH-20240105
DEV-7297,2024-01-05T09:31:00,EARSHIELD-004,68,98.6,37.37,11.53,0.7948,-0.4915,GOOD,BATCH-20240105
DEV-2463,2024-01-05T10:08:00,EARSHIELD-004,94,99.8,36.52,12.23,-0.6473,0.8744,ACCEPTABLE,BATCH-20240105
DEV-3495,2024-01-05T11:56:00,EARSHIELD-004,69,97.4,37.7,12.76,0.3684,0.425,GOOD,BATCH-20240105
DEV-3250,2024-01-05T12:22:00,EARSHIELD-004,61,94.3,36.22,13.27,0.4002,-0.445,GOOD,BATCH-20240105
DEV-8797,2024-01-05T13:52:00,EARSHIELD-004,105,95.3,37.51,11.62,0.8894,-0.4836,POOR,BATCH-20240105
DEV-1107,2024-01-05T15:29:00,EARSHIELD-004,69,96.0,36.68,9.78,0.814,0.2307,ACCEPTABLE,BATCH-20240105
DEV-6028,2024-01-05T17:22:00,EARBUD-002,65,99.2,37.18,8.77,0.8783,-1.1152,GOOD,BATCH-20240105
DEV-9473,2024-01-05T17:50:00,EARSHIELD-004,89,95.6,37.07,8.88,-0.2178,0.5213,POOR,BATCH-20240105
DEV-6243,2024-01-05T19:23:00,EARSHIELD-004,91,97.3,36.62,12.0,1.0928,-0.6421,ACCEPTABLE,BATCH-20240105
DEV-2750,2024-01-05T21:05:00,CEP-001,99,98.1,37.38,13.39,0.791,0.0518,ACCEPTABLE,BATCH-20240105
DEV-9788,2024-01-05T21:30:00,CEP-001,86,98.4,36.86,12.28,-1.0325,-1.102,ACCEPTABLE,BATCH-20240105
DEV-2464,2024-01-05T23:19:00,EARSHIELD-004,78,98.0,36.6,13.26,-0.9354,-1.1159,ACCEPTABLE,BATCH-20240105
DEV-5037,2024-01-06T00:33:00,CEP-001,105,99.2,36.61,11.71,-0.3367,-0.9754,GOOD,BATCH-20240106
DEV-7321,2024-01-06T00:57:00,CEP-001,85,95.5,37.45,8.07,0.6025,0.4248,POOR,BATCH-20240106
DEV-1554,2024-01-06T02:21:00,EARDEF-003,79,98.2,37.44,10.81,1.064,0.6329,GOOD,BATCH-20240106
DEV-9598,2024-01-06T02:50:00,CEP-001,85,95.8,36.64,12.5,0.473,-0.9605,ACCEPTABLE,BATCH-20240106
DEV-2023,2024-01-06T03:16:00,CEP-001,89,96.4,36.93,9.26,-0.4595,0.016,POOR,BATCH-20240106
DEV-1914,2024-01-06T04:54:00,EARBUD-002,100,99.9,36.98,11.01,-0.0118,0.7204,ACCEPTABLE,BATCH-20240106
DEV-4911,2024-01-06T06:05:00,EARSHIELD-004,59,99.4,36.89,10.32,-0.9587,-1.151,ACCEPTABLE,BATCH-20240106
DEV-7042,2024-01-06T07:01:00,EARBUD-002,89,99.3,37.15,13.5,-1.1373,-0.1525,ACCEPTABLE,BATCH-20240106
DEV-5449,2024-01-06T07:20:00,EARDEF-003,61,96.3,36.61,12.25,-0.6996,0.9639,ACCEPTABLE,BATCH-20240106
DEV-9871,2024-01-06T08:45:00,EARBUD-002,97,97.8,37.19,8.13,0.7975,-0.1968,ACCEPTABLE,BATCH-20240106
DEV-2028,2024-01-06T09:32:00,EARBUD-002,79,99.0,37.51,12.94,0.2538,-0.9074,ACCEPTABLE,BATCH-20240106
DEV-3775,2024-01-06T10:50:00,EARDEF-003,79,99.5,36.91,8.47,-0.0407,0.263,GOOD,BATCH-20240106
DEV-9303,2024-01-06T11:51:00,EARBUD-002,80,95.5,37.06,9.79,0.6699,0.5722,ACCEPTABLE,BATCH-20240106
DEV-2517,2024-01-06T12:16:00,EARSHIELD-004,104,97.0,37.34,11.8,0.7976,-0.7521,POOR,BATCH-20240106
DEV-5808,2024-01-06T13:42:00,EARDEF-003,64,96.1,37.46,12.83,-0.3804,-0.966,GOOD,BATCH-20240106
DEV-9592,2024-01-06T14:56:00,EARSHIELD-004,86,96.9,36.64,9.44,0.9927,1.1558,ACCEPTABLE,BATCH-20240106
DEV-5771,2024-01-06T16:25:00,EARBUD-002,70,95.5,36.74,12.27,-0.9704,1.0658,GOOD,BATCH-20240106
DEV-6523,2024-01-06T17:01:00,EARSHIELD-004,92,96.6,37.21,12.71,-0.5482,-0.7217,POOR,BATCH-20240106
DEV-4388,2024-01-06T17:26:00,EARBUD-002,102,98.9,37.79,11.97,-0.4772,-0.9313,ACCEPTABLE,BATCH-20240106
DEV-4927,2024-01-06T18:45:00,EARSHIELD-004,100,96.4,36.67,8.83,-1.1303,0.549,POOR,BATCH-20240106
DEV-2531,2024-01-06T19:51:00,EARSHIELD-004,85,94.8,36.71,11.42,-0.493,0.2358,POOR,BATCH-20240106
DEV-7497,2024-01-06T20:23:00,EARDEF-003,73,97.1,36.31,8.29,-1.0006,-0.9668,GOOD,BATCH-20240106
DEV-3615,2024-01-06T20:56:00,CEP-001,75,96.7,37.17,9.59,-1.1853,-0.3992,GOOD,BATCH-20240106
DEV-9721,2024-01-06T22:07:00,EARBUD-002,74,95.7,37.34,12.56,1.0865,0.1716,ACCEPTABLE,BATCH-20240106
DEV-1862,2024-01-06T23:55:00,EARDEF-003,97,97.6,37.24,12.02,-0.5641,1.1592,GOOD,BATCH-20240106
DEV-8643,2024-01-07T01:41:00,CEP-001,68,97.7,37.66,10.81,-0.5243,0.2139,ACCEPTABLE,BATCH-20240107
DEV-3413,2024-01-07T02:57:00,EARSHIELD-004,59,97.2,37.2,8.92,-0.6071,0.9347,ACCEPTABLE,BATCH-20240107
DEV-2548,2024-01-07T03:29:00,EARDEF-003,72,97.5,37.41,12.28,0.022,0.7792,GOOD,BATCH-20240107
DEV-9845,2024-01-07T05:24:00,EARBUD-002,63,97.7,36.5,10.53,-1.0115,-0.9079,POOR,BATCH-20240107
DEV-1512,2024-01-07T06:59:00,EARBUD-002,87,94.0,36.43,10.79,0.1817,-0.4733,POOR,BATCH-20240107
DEV-3415,2024-01-07T08:57:00,CEP-001,77,94.1,37.14,10.28,-0.1489,0.727,GOOD,BATCH-20240107
DEV-9892,2024-01-07T09:32:00,EARBUD-002,69,98.3,36.86,12.0,-0.6544,-0.9818,GOOD,BATCH-20240107
DEV-8170,2024-01-07T10:43:00,EARSHIELD-004,104,98.3,37.45,10.58,0.1308,-1.104,POOR,BATCH-20240107
DEV-9842,2024-01-07T11:41:00,EARBUD-002,62,99.7,36.85,10.87,-0.6623,0.2683,GOOD,BATCH-20240107
DEV-5352,2024-01-07T12:20:00,EARDEF-003,72,99.0,37.74,13.25,1.0284,-0.4637,GOOD,BATCH-20240107
DEV-1196,2024-01-07T12:43:00,CEP-001,72,99.1,37.62,11.85,0.9185,0.1075,ACCEPTABLE,BATCH-20240107
DEV-3574,2024-01-07T13:44:00,EARDEF-003,58,94.8,37.05,11.39,-0.2178,1.1992,ACCEPTABLE,BATCH-20240107
DEV-8623,2024-01-07T15:23:00,CEP-001,102,94.4,37.05,8.45,0.5413,0.022,GOOD,BATCH-20240107
DEV-7218,2024-01-07T16:14:00,EARSHIELD-004,73,97.0,37.33,11.54,-0.2174,0.9081,ACCEPTABLE,BATCH-20240107
DEV-4489,2024-01-07T17:53:00,EARDEF-003,95,99.1,37.53,8.05,0.9758,-0.0096,POOR,BATCH-20240107
DEV-7589,2024-01-07T19:17:00,CEP-001,58,94.4,37.53,13.29,-0.8747,-0.1161,ACCEPTABLE,BATCH-20240107
DEV-2220,2024-01-07T20:33:00,EARDEF-003,95,99.6,37.2,10.42,-0.2798,0.8099,GOOD,BATCH-20240107
DEV-1412,2024-01-07T21:32:00,CEP-001,89,96.6,37.03,8.63,-0.6388,-0.1562,GOOD,BATCH-20240107
DEV-6723,2024-01-07T22:53:00,EARSHIELD-004,80,98.2,37.75,9.15,-0.9727,-0.6461,GOOD,BATCH-20240107
DEV-6865,2024-01-07T23:10:00,EARSHIELD-004,64,99.9,36.47,12.0,-0.5306,-0.3844,POOR,BATCH-20240107
DEV-6898,2024-01-08T00:37:00,CEP-001,100,96.8,36.4,10.47,0.1346,1.1999,GOOD,BATCH-20240108
DEV-5928,2024-01-08T01:29:00,EARBUD-002,67,97.0,36.99,13.31,0.1473,0.7858,GOOD,BATCH-20240108
DEV-7473,2024-01-08T02:18:00,CEP-001,83,98.8,37.58,9.81,-0.8312,-0.7657,GOOD,BATCH-20240108
DEV-6048,2024-01-08T03:56:00,EARSHIELD-004,100,99.1,37.33,12.08,0.1958,-0.8348,POOR,BATCH-20240108
DEV-1765,2024-01-08T05:13:00,EARDEF-003,78,99.9,36.31,8.04,0.957,1.0646,POOR,BATCH-20240108
DEV-8342,2024-01-08T06:36:00,EARSHIELD-004,90,98.7,37.44,10.39,-0.6352,0.0729,ACCEPTABLE,BATCH-20240108
DEV-6653,2024-01-08T08:26:00,EARSHIELD-004,68,98.8,36.2,13.0,-0.2882,0.4248,POOR,BATCH-20240108
DEV-5366,2024-01-08T09:33:00,EARSHIELD-004,59,99.9,36.43,8.68,-0.9645,-0.4613,ACCEPTABLE,BATCH-20240108
DEV-3616,2024-01-08T11:21:00,EARBUD-002,82,99.2,37.18,8.13,-0.2401,0.4895,POOR,BATCH-20240108
DEV-3614,2024-01-08T12:15:00,EARSHIELD-004,67,96.3,37.33,9.86,1.131,1.0873,POOR,BATCH-20240108
DEV-7508,2024-01-08T13:28:00,EARDEF-003,88,98.6,37.8,10.44,0.0467,-0.8689,ACCEPTABLE,BATCH-20240108
DEV-7565,2024-01-08T14:11:00,EARSHIELD-004,62,98.3,36.2,12.89,-0.5692,-1.0223,ACCEPTABLE,BATCH-20240108
DEV-6835,2024-01-08T15:42:00,EARDEF-003,60,95.1,37.08,10.79,0.3885,-1.0147,GOOD,BATCH-20240108
DEV-8729,2024-01-08T16:32:00,EARDEF-003,73,96.4,37.23,8.85,0.7213,-1.0203,POOR,BATCH-20240108
DEV-9268,2024-01-08T16:47:00,EARBUD-002,60,99.1,36.71,11.54,-0.3636,0.4952,POOR,BATCH-20240108
DEV-5472,2024-01-08T18:27:00,EARBUD-002,75,98.1,37.62,9.38,-1.0046,1.1695,GOOD,BATCH-20240108
DEV-8790,2024-01-08T20:06:00,EARBUD-002,84,94.3,36.65,11.77,-0.2163,0.8763,POOR,BATCH-20240108
DEV-4854,2024-01-08T21:00:00,EARBUD-002,89,96.1,37.24,13.45,0.94,0.8067,GOOD,BATCH-20240108
DEV-8603,2024-01-08T22:51:00,CEP-001,96,98.7,37.56,9.63,0.4509,0.2868,ACCEPTABLE,BATCH-20240108
DEV-1586,2024-01-09T00:43:00,CEP-001,104,96.6,36.56,11.52,0.5443,-0.2747,POOR,BATCH-20240109
DEV-4722,2024-01-09T01:17:00,EARSHIELD-004,76,95.3,37.71,8.98,-0.2549,0.2886,POOR,BATCH-20240109
DEV-3561,2024-01-09T02:14:00,EARSHIELD-004,105,96.3,36.2,12.53,-0.9523,-0.6394,POOR,BATCH-20240109
DEV-3200,2024-01-09T03:14:00,EARDEF-003,74,95.9,36.89,12.53,-1.0089,-0.3641,GOOD,BATCH-20240109
DEV-6912,2024-01-09T04:19:00,EARDEF-003,60,99.7,36.59,13.01,-0.5691,-0.0632,ACCEPTABLE,BATCH-20240109
DEV-3444,2024-01-09T05:25:00,EARBUD-002,79,94.7,36.26,8.47,-0.1508,0.5915,ACCEPTABLE,BATCH-20240109
DEV-3475,2024-01-09T06:47:00,CEP-001,74,94.8,36.4,11.46,0.6393,-0.0109,ACCEPTABLE,BATCH-20240109
DEV-6043,2024-01-09T08:47:00,EARDEF-003,96,97.5,36.46,8.7,-0.4549,-0.2399,ACCEPTABLE,BATCH-20240109
DEV-7404,2024-01-09T10:08:00,EARBUD-002,75,99.4,36.25,12.4,0.6276,-0.3855,GOOD,BATCH-20240109
DEV-2984,2024-01-09T11:52:00,CEP-001,64,96.8,37.21,12.32,-0.5472,-0.5861,POOR,BATCH-20240109
DEV-7753,2024-01-09T13:24:00,CEP-001,62,98.3,37.66,8.53,0.3424,-0.7567,ACCEPTABLE,BATCH-20240109
DEV-1480,2024-01-09T14:57:00,EARSHIELD-004,86,95.1,37.73,8.04,0.6279,0.3419,GOOD,BATCH-20240109
DEV-5692,2024-01-09T16:42:00,EARSHIELD-004,92,95.2,36.43,8.67,0.5152,0.102,GOOD,BATCH-20240109
DEV-4375,2024-01-09T18:14:00,EARSHIELD-004,90,99.1,36.29,8.72,-0.7004,0.0988,ACCEPTABLE,BATCH-20240109
DEV-2440,2024-01-09T19:02:00,CEP-001,105,94.6,37.44,8.05,-0.5892,1.0383,GOOD,BATCH-20240109
DEV-6982,2024-01-09T19:58:00,EARDEF-003,61,98.0,37.37,10.31,-0.9489,0.0687,POOR,BATCH-20240109
DEV-5300,2024-01-09T20:57:00,EARSHIELD-004,77,98.3,37.69,10.39,-0.4807,0.7205,ACCEPTABLE,BATCH-20240109
DEV-9381,2024-01-09T22:25:00,EARBUD-002,95,95.0,36.4,11.31,-0.8465,-0.3067,GOOD,BATCH-20240109
DEV-3056,2024-01-10T00:15:00,EARSHIELD-004,83,99.6,37.13,12.0,0.5035,0.8788,ACCEPTABLE,BATCH-20240110
DEV-8877,2024-01-10T01:52:00,EARBUD-002,95,98.7,37.39,11.03,0.4354,0.2244,POOR,BATCH-20240110
DEV-6238,2024-01-10T02:39:00,EARSHIELD-004,101,98.5,36.7,8.58,0.7023,-0.7212,POOR,BATCH-20240110
DEV-3333,2024-01-10T04:35:00,EARDEF-003,81,97.0,36.9,10.9,-0.5533,-0.8959,POOR,BATCH-20240110
DEV-4061,2024-01-10T06:01:00,EARDEF-003,91,99.5,37.77,8.03,-0.4295,0.7053,ACCEPTABLE,BATCH-20240110
DEV-5501,2024-01-10T06:30:00,EARDEF-003,89,98.8,36.89,9.19,0.1472,-0.1915,POOR,BATCH-20240110
DEV-2922,2024-01-10T08:10:00,EARBUD-002,81,94.6,37.72,10.4,1.0852,-1.1138,ACCEPTABLE,BATCH-20240110
DEV-2875,2024-01-10T08:25:00,CEP-001,78,95.4,36.96,10.16,-0.1279,-1.0109,GOOD,BATCH-20240110
DEV-3270,2024-01-10T10:14:00,EARBUD-002,99,94.6,36.2,9.36,0.7913,-1.0377,POOR,BATCH-20240110
DEV-9798,2024-01-10T10:44:00,CEP-001,71,96.1,37.32,9.09,-0.8588,-0.9225,POOR,BATCH-20240110
DEV-3413,2024-01-10T12:31:00,EARDEF-003,79,96.7,36.19,8.33,-0.555,0.9243,ACCEPTABLE,BATCH-20240110
DEV-2006,2024-01-10T14:23:00,EARDEF-003,61,94.8,36.83,8.52,1.043,0.2485,POOR,BATCH-20240110
DEV-4662,2024-01-10T15:00:00,CEP-001,97,97.3,36.35,10.84,-0.2836,-0.2842,ACCEPTABLE,BATCH-20240110
DEV-5799,2024-01-10T16:02:00,EARDEF-003,62,99.5,37.03,13.11,0.1257,-0.9316,ACCEPTABLE,BATCH-20240110
DEV-7061,2024-01-10T17:53:00,EARBUD-002,72,94.3,36.88,11.34,0.1664,-1.0673,POOR,BATCH-20240110
DEV-1751,2024-01-10T19:29:00,CEP-001,90,96.9,37.34,10.55,-0.5664,-0.3147,POOR,BATCH-20240110
DEV-5913,2024-01-10T20:05:00,EARDEF-003,86,97.4,37.33,12.61,-0.0877,0.9582,ACCEPTABLE,BATCH-20240110
DEV-2990,2024-01-10T21:10:00,EARDEF-003,68,95.3,37.47,12.21,1.0751,-0.7431,GOOD,BATCH-20240110
DEV-6452,2024-01-10T22:24:00,CEP-001,88,97.7,37.74,10.59,-0.9911,-0.3885,ACCEPTABLE,BATCH-20240110
DEV-1593,2024-01-10T23:48:00,CEP-001,76,94.4,36.98,8.83,0.8371,-0.4207,POOR,BATCH-20240110
DEV-8404,2024-01-11T00:11:00,EARDEF-003,60,94.1,37.37,10.99,-0.6049,0.1778,ACCEPTABLE,BATCH-20240111
DEV-9526,2024-01-11T02:10:00,EARSHIELD-004,93,96.1,36.83,13.02,0.8892,-0.0708,POOR,BATCH-20240111
DEV-5756,2024-01-11T02:25:00,EARDEF-003,92,99.2,36.7,8.96,0.4005,0.2505,POOR,BATCH-20240111
DEV-8986,2024-01-11T02:51:00,EARSHIELD-004,102,94.4,36.17,11.73,-0.5129,0.0367,GOOD,BATCH-20240111
DEV-6729,2024-01-11T04:44:00,CEP-001,93,96.0,36.32,12.33,-0.1873,0.8376,ACCEPTABLE,BATCH-20240111
DEV-7276,2024-01-11T06:16:00,EARBUD-002,85,94.6,36.91,10.3,-0.3751,0.6326,GOOD,BATCH-20240111
DEV-4121,2024-01-11T06:39:00,EARBUD-002,69,97.0,36.52,9.87,-0.3572,0.6511,GOOD,BATCH-20240111
DEV-5128,2024-01-11T07:14:00,EARDEF-003,74,96.4,37.15,8.05,-0.651,0.319,GOOD,BATCH-20240111
DEV-2002,2024-01-11T07:41:00,EARDEF-003,75,98.1,37.46,9.86,-0.9749,-0.1322,GOOD,BATCH-20240111
DEV-3546,2024-01-11T08:52:00,EARSHIELD-004,104,99.3,36.68,12.37,1.0609,-0.9925,POOR,BATCH-20240111
DEV-2528,2024-01-11T10:39:00,EARDEF-003,79,99.3,37.55,10.56,0.881,0.6102,POOR,BATCH-20240111
DEV-9186,2024-01-11T11:24:00,EARDEF-003,71,96.0,37.4,12.33,-0.6689,0.3684,ACCEPTABLE,BATCH-20240111
DEV-3297,2024-01-11T11:44:00,EARDEF-003,82,96.4,36.21,10.88,-0.5427,0.037,ACCEPTABLE,BATCH-20240111
DEV-6420,2024-01-11T12:25:00,EARDEF-003,86,97.6,37.01,9.27,0.6751,0.7975,POOR,BATCH-20240111
DEV-7834,2024-01-11T13:16:00,EARDEF-003,93,96.6,36.41,10.71,1.081,0.2768,ACCEPTABLE,BATCH-20240111
DEV-4553,2024-01-11T15:13:00,EARDEF-003,76,98.0,37.29,12.66,0.7756,-0.7172,POOR,BATCH-20240111
DEV-9606,2024-01-11T16:10:00,EARDEF-003,84,97.9,36.58,11.05,-1.1722,0.4569,ACCEPTABLE,BATCH-20240111
DEV-8160,2024-01-11T16:44:00,EARDEF-003,96,96.7,36.12,10.54,-0.7534,0.5207,GOOD,BATCH-20240111
DEV-5840,2024-01-11T17:19:00,CEP-001,59,96.2,36.48,10.39,-0.6559,0.8304,GOOD,BATCH-20240111
DEV-1435,2024-01-11T18:56:00,CEP-001,69,98.0,36.7,8.4,1.0338,0.1258,POOR,BATCH-20240111
DEV-4390,2024-01-11T19:25:00,EARDEF-003,95,97.8,36.92,12.5,-0.6076,0.6196,ACCEPTABLE,BATCH-20240111
DEV-5003,2024-01-11T19:50:00,EARDEF-003,68,94.5,36.6,11.81,0.426,-0.7939,POOR,BATCH-20240111
DEV-7229,2024-01-11T20:37:00,EARSHIELD-004,62,99.2,37.67,11.5,0.2131,-0.6823,ACCEPTABLE,BATCH-20240111
DEV-3808,2024-01-11T21:26:00,EARSHIELD-004,86,94.3,36.63,9.07,-0.11,-1.0225,ACCEPTABLE,BATCH-20240111
DEV-9988,2024-01-11T23:24:00,EARSHIELD-004,102,99.8,37.08,12.46,-0.4153,0.769,GOOD,BATCH-20240111
DEV-2206,2024-01-12T00:54:00,EARBUD-002,59,95.3,37.52,9.53,-1.1252,-0.446,GOOD,BATCH-20240112
DEV-5066,2024-01-12T01:47:00,EARSHIELD-004,65,98.6,36.92,12.71,-0.7117,1.0642,GOOD,BATCH-20240112
DEV-6541,2024-01-12T03:37:00,EARSHIELD-004,82,96.1,36.48,11.96,0.5049,-0.0487,POOR,BATCH-20240112
DEV-3689,2024-01-12T05:20:00,EARBUD-002,64,95.9,36.47,10.49,0.2436,0.5892,ACCEPTABLE,BATCH-20240112
DEV-2040,2024-01-12T06:18:00,CEP-001,62,96.6,36.69,8.39,-1.0555,1.1569,POOR,BATCH-20240112
DEV-5754,2024-01-12T06:40:00,EARDEF-003,74,99.3,36.88,13.37,-0.2132,-1.0978,POOR,BATCH-20240112
DEV-7411,2024-01-12T08:03:00,CEP-001,74,95.5,36.35,11.44,-0.4696,-0.5681,ACCEPTABLE,BATCH-20240112
DEV-4679,2024-01-12T09:58:00,EARBUD-002,68,99.7,37.39,10.4,0.7177,0.2561,GOOD,BATCH-20240112
DEV-3352,2024-01-12T11:08:00,EARDEF-003,98,99.1,36.5,9.89,0.8633,0.7192,POOR,BATCH-20240112
DEV-1759,2024-01-12T12:33:00,EARDEF-003,58,96.3,36.24,12.09,0.7459,0.0934,POOR,BATCH-20240112
DEV-7690,2024-01-12T13:24:00,EARBUD-002,65,98.3,36.88,13.12,-1.1355,-0.6036,ACCEPTABLE,BATCH-20240112
DEV-9762,2024-01-12T14:09:00,EARBUD-002,102,98.0,36.99,11.99,0.7651,0.9431,POOR,BATCH-20240112
DEV-8089,2024-01-12T16:08:00,EARBUD-002,89,95.5,37.53,10.46,0.9623,-0.8609,ACCEPTABLE,BATCH-20240112
DEV-7919,2024-01-12T17:55:00,EARBUD-002,85,96.3,36.22,9.44,-0.526,-0.6279,POOR,BATCH-20240112
DEV-9422,2024-01-12T18:58:00,CEP-001,105,94.8,36.57,10.26,-1.1799,0.1248,ACCEPTABLE,BATCH-20240112
DEV-7838,2024-01-12T19:18:00,EARDEF-003,79,99.7,36.33,9.51,0.7977,0.8836,POOR,BATCH-20240112
DEV-8645,2024-01-12T20:12:00,EARBUD-002,67,96.4,37.57,11.44,-0.3782,-0.9074,POOR,BATCH-20240112
DEV-4404,2024-01-12T21:01:00,CEP-001,92,98.3,36.36,12.39,-0.653,-0.8193,ACCEPTABLE,BATCH-20240112
DEV-8092,2024-01-12T21:18:00,CEP-001,67,97.3,36.56,10.89,-1.1492,0.2434,POOR,BATCH-20240112
DEV-7049,2024-01-12T22:22:00,EARSHIELD-004,74,98.8,36.52,11.9,-1.0011,1.0559,POOR,BATCH-20240112
DEV-3901,2024-01-13T00:09:00,CEP-001,96,94.1,37.13,10.6,-0.3147,-0.8317,POOR,BATCH-20240113
DEV-5951,2024-01-13T02:08:00,EARBUD-002,104,98.8,37.11,8.39,-0.95,-0.5213,POOR,BATCH-20240113
DEV-3915,2024-01-13T03:40:00,CEP-001,81,97.1,37.66,13.07,-0.311,-0.2735,ACCEPTABLE,BATCH-20240113
DEV-3576,2024-01-13T03:55:00,EARDEF-003,94,95.1,36.18,12.36,-0.7707,-0.3711,GOOD,BATCH-20240113
DEV-5411,2024-01-13T05:09:00,EARDEF-003,78,94.4,36.82,8.78,-0.2601,0.1925,POOR,BATCH-20240113
DEV-4774,2024-01-13T05:26:00,EARSHIELD-004,75,94.5,36.92,9.44,0.5191,-0.2939,POOR,BATCH-20240113
DEV-1804,2024-01-13T05:45:00,EARSHIELD-004,62,96.0,36.33,13.39,0.4864,-0.1411,POOR,BATCH-20240113
DEV-5826,2024-01-13T06:21:00,EARBUD-002,62,100.0,37.69,10.36,0.6029,1.0621,GOOD,BATCH-20240113
DEV-4591,2024-01-13T08:08:00,CEP-001,65,97.8,37.7,13.31,0.4761,-0.4484,ACCEPTABLE,BATCH-20240113
DEV-6725,2024-01-13T09:34:00,CEP-001,90,94.3,36.86,10.83,-0.1803,0.0409,GOOD,BATCH-20240113
DEV-4350,2024-01-13T10:01:00,EARDEF-003,93,95.3,37.61,9.56,1.0616,0.8858,ACCEPTABLE,BATCH-20240113
DEV-6529,2024-01-13T10:57:00,CEP-001,95,98.0,37.4,9.23,-0.5335,0.6904,GOOD,BATCH-20240113
DEV-9429,2024-01-13T12:52:00,EARDEF-003,59,98.1,36.43,10.73,-1.0732,0.7938,POOR,BATCH-20240113
DEV-4266,2024-01-13T14:16:00,EARSHIELD-004,79,99.1,36.56,9.55,0.4632,1.0631,GOOD,BATCH-20240113
DEV-6138,2024-01-13T14:53:00,EARBUD-002,99,97.8,36.17,8.61,0.2612,-0.5229,POOR,BATCH-20240113
DEV-2056,2024-01-13T15:50:00,EARSHIELD-004,103,94.6,37.7,12.85,-0.4841,-0.3924,POOR,BATCH-20240113
DEV-7918,2024-01-13T17:13:00,CEP-001,89,95.5,36.4,10.41,-1.1481,0.7114,GOOD,BATCH-20240113
DEV-7292,2024-01-13T18:54:00,EARDEF-003,70,99.8,37.6,12.25,-0.9784,-1.0342,GOOD,BATCH-20240113
DEV-1713,2024-01-13T20:42:00,CEP-001,76,94.1,37.26,11.26,0.6321,0.258,POOR,BATCH-20240113
DEV-3052,2024-01-13T21:21:00,EARSHIELD-004,66,94.5,36.41,9.04,1.094,0.7173,GOOD,BATCH-20240113
DEV-3174,2024-01-13T22:36:00,EARBUD-002,71,100.0,36.96,12.01,-0.4337,1.1231,POOR,BATCH-20240113
DEV-6217,2024-01-14T00:21:00,EARSHIELD-004,77,97.5,36.43,10.66,-0.8343,1.06,ACCEPTABLE,BATCH-20240114
DEV-4120,2024-01-14T00:59:00,EARBUD-002,96,94.8,37.12,8.77,-0.4528,-0.3069,GOOD,BATCH-20240114
DEV-3459,2024-01-14T01:23:00,EARSHIELD-004,103,97.9,36.92,12.81,-0.6422,0.8978,POOR,BATCH-20240114
DEV-3396,2024-01-14T03:00:00,EARDEF-003,67,98.0,36.15,8.12,-0.5396,1.1406,POOR,BATCH-20240114
DEV-6644,2024-01-14T03:15:00,EARDEF-003,72,96.3,37.72,10.51,-1.0858,-0.7861,ACCEPTABLE,BATCH-20240114
DEV-4525,2024-01-14T04:38:00,EARBUD-002,72,100.0,36.96,10.52,0.8715,0.0507,GOOD,BATCH-20240114
DEV-6948,2024-01-14T05:26:00,EARDEF-003,88,99.4,36.5,11.12,-0.8905,0.5803,ACCEPTABLE,BATCH-20240114
DEV-4588,2024-01-14T05:55:00,EARDEF-003,102,98.6,37.33,10.21,0.1346,1.2,ACCEPTABLE,BATCH-20240114
DEV-4818,2024-01-14T06:59:00,CEP-001,102,96.3,37.59,12.54,1.0068,0.7093,GOOD,BATCH-20240114
DEV-8757,2024-01-14T07:21:00,CEP-001,62,94.2,36.35,10.25,0.6054,-0.4774,ACCEPTABLE,BATCH-20240114
DEV-4631,2024-01-14T09:21:00,CEP-001,88,96.6,37.14,11.46,-0.5391,0.3731,POOR,BATCH-20240114
DEV-5917,2024-01-14T09:47:00,EARSHIELD-004,81,97.6,37.55,11.32,0.1106,0.3833,GOOD,BATCH-20240114
DEV-8229,2024-01-14T10:49:00,CEP-001,78,97.1,37.64,8.61,0.0159,-0.5226,ACCEPTABLE,BATCH-20240114
DEV-4019,2024-01-14T11:13:00,EARBUD-002,58,96.3,36.12,8.1,0.9514,-1.0197,POOR,BATCH-20240114
DEV-4190,2024-01-14T12:01:00,EARSHIELD-004,86,98.8,36.33,12.19,1.1556,-0.2811,POOR,BATCH-20240114
DEV-2500,2024-01-14T12:26:00,CEP-001,92,96.4,37.34,9.31,-0.6984,0.1305,GOOD,BATCH-20240114
DEV-8697,2024-01-14T13:04:00,CEP-001,86,96.3,37.13,12.75,-1.0866,0.0098,POOR,BATCH-20240114
DEV-5955,2024-01-14T14:46:00,EARBUD-002,101,94.8,37.64,12.24,0.8526,0.5251,ACCEPTABLE,BATCH-20240114
DEV-1386,2024-01-14T16:02:00,EARSHIELD-004,79,96.8,37.22,13.35,0.2334,-0.6869,ACCEPTABLE,BATCH-20240114
DEV-6367,2024-01-14T16:32:00,EARSHIELD-004,103,96.3,36.79,11.44,-0.8672,0.6353,ACCEPTABLE,BATCH-20240114
DEV-9037,2024-01-14T18:21:00,EARSHIELD-004,103,97.0,36.7,12.86,0.9277,-1.1625,ACCEPTABLE,BATCH-20240114
DEV-7738,2024-01-14T18:51:00,EARDEF-003,86,95.6,37.43,11.42,1.152,0.0779,ACCEPTABLE,BATCH-20240114
DEV-7179,2024-01-14T20:51:00,EARBUD-002,60,94.2,37.14,8.24,0.7438,0.0022,GOOD,BATCH-20240114
DEV-8058,2024-01-14T22:20:00,CEP-001,80,98.9,36.89,9.61,0.4249,0.1687,POOR,BATCH-20240114
DEV-2340,2024-01-14T22:53:00,EARDEF-003,90,96.5,36.36,11.89,-0.6096,0.8398,POOR,BATCH-20240114
DEV-4606,2024-01-15T00:23:00,EARSHIELD-004,59,94.6,37.01,12.13,0.5829,-0.9421,ACCEPTABLE,BATCH-20240115
DEV-9779,2024-01-15T01:49:00,EARSHIELD-004,69,98.4,37.75,8.76,0.6368,-0.8625,POOR,BATCH-20240115
DEV-5493,2024-01-15T03:10:00,EARBUD-002,86,95.9,37.5,8.32,0.9472,0.9964,ACCEPTABLE,BATCH-20240115
DEV-6478,2024-01-15T04:38:00,EARBUD-002,84,98.5,37.55,13.26,1.0876,-0.9272,POOR,BATCH-20240115
DEV-7357,2024-01-15T06:29:00,EARDEF-003,77,98.4,37.6,12.63,0.804,-0.9208,GOOD,BATCH-20240115
DEV-4976,2024-01-15T06:58:00,EARDEF-003,61,95.3,36.79,11.26,-0.6251,-0.4131,GOOD,BATCH-20240115
DEV-8530,2024-01-15T07:59:00,EARBUD-002,90,94.0,37.16,10.94,1.0661,0.4624,ACCEPTABLE,BATCH-20240115
DEV-3166,2024-01-15T09:43:00,CEP-001,64,98.5,37.52,8.68,-0.0178,-0.5839,ACCEPTABLE,BATCH-20240115
DEV-9623,2024-01-15T11:06:00,EARBUD-002,90,99.0,36.2,12.36,0.1313,1.1888,POOR,BATCH-20240115
DEV-4440,2024-01-15T12:56:00,EARSHIELD-004,68,100.0,37.1,11.27,-0.072,0.7478,ACCEPTABLE,BATCH-20240115
DEV-4466,2024-01-15T14:08:00,EARBUD-002,97,94.4,37.66,13.17,-0.2628,0.6874,POOR,BATCH-20240115
DEV-8165,2024-01-15T14:25:00,EARBUD-002,59,99.5,36.49,12.27,-0.6057,-0.3508,POOR,BATCH-20240115
DEV-6296,2024-01-15T16:23:00,EARDEF-003,75,96.4,37.76,10.99,0.2222,-1.1776,ACCEPTABLE,BATCH-20240115
DEV-6320,2024-01-15T16:54:00,EARSHIELD-004,76,100.0,36.49,10.35,1.1789,-0.308,GOOD,BATCH-20240115
DEV-9931,2024-01-15T17:26:00,EARBUD-002,64,96.7,36.49,12.38,0.9399,-0.5292,ACCEPTABLE,BATCH-20240115
DEV-5554,2024-01-15T18:31:00,CEP-001,66,98.5,37.41,8.4,0.3443,-0.9168,ACCEPTABLE,BATCH-20240115
DEV-7838,2024-01-15T18:55:00,EARSHIELD-004,101,100.0,37.21,11.12,1.1677,-0.7924,POOR,BATCH-20240115
DEV-4116,2024-01-15T19:57:00,CEP-001,62,98.1,37.06,13.08,-0.5452,0.271,GOOD,BATCH-20240115
DEV-5338,2024-01-15T21:19:00,CEP-001,60,99.4,36.45,9.45,1.1821,-0.4521,GOOD,BATCH-20240115
DEV-2028,2024-01-15T21:37:00,EARSHIELD-004,76,95.2,36.94,10.53,0.1365,1.0626,ACCEPTABLE,BATCH-20240115
DEV-9861,2024-01-15T22:57:00,EARDEF-003,86,98.6,36.3,11.68,0.9069,1.0532,POOR,BATCH-20240115
DEV-9557,2024-01-15T23:22:00,EARBUD-002,73,99.4,36.17,12.24,-0.082,0.1346,ACCEPTABLE,BATCH-20240115
DEV-9532,2024-01-16T00:45:00,CEP-001,64,97.6,37.67,13.0,-0.7499,-0.022,GOOD,BATCH-20240116
DEV-9436,2024-01-16T02:24:00,EARSHIELD-004,88,98.4,36.91,11.71,-0.901,-0.7317,ACCEPTABLE,BATCH-20240116
DEV-2443,2024-01-16T03:57:00,EARDEF-003,60,98.8,36.37,12.62,-0.1932,1.1306,ACCEPTABLE,BATCH-20240116
DEV-4596,2024-01-16T05:56:00,EARBUD-002,88,99.4,37.53,12.42,0.716,1.187,POOR,BATCH-20240116
DEV-3222,2024-01-16T06:51:00,EARSHIELD-004,59,99.0,37.64,11.83,-0.4587,-0.9353,ACCEPTABLE,BATCH-20240116
DEV-9942,2024-01-16T08:18:00,EARSHIELD-004,91,97.9,36.6,12.26,0.4088,0.6597,ACCEPTABLE,BATCH-20240116
DEV-2121,2024-01-16T08:47:00,EARSHIELD-004,73,94.2,37.36,8.87,-0.4784,-0.977,ACCEPTABLE,BATCH-20240116
DEV-4422,2024-01-16T09:19:00,EARBUD-002,69,96.9,37.73,9.17,0.6502,0.8289,GOOD,BATCH-20240116
DEV-6465,2024-01-16T11:04:00,EARBUD-002,86,98.5,36.81,8.03,-0.3417,0.172,POOR,BATCH-20240116
DEV-8829,2024-01-16T11:55:00,EARDEF-003,88,96.9,36.3,11.02,0.4135,0.3887,ACCEPTABLE,BATCH-20240116
DEV-7517,2024-01-16T12:56:00,EARDEF-003,105,96.0,37.13,8.19,0.8127,-1.0911,GOOD,BATCH-20240116
DEV-9154,2024-01-16T13:33:00,EARSHIELD-004,82,96.6,37.38,12.51,-0.2167,0.7319,ACCEPTABLE,BATCH-20240116
DEV-7445,2024-01-16T14:50:00,EARDEF-003,60,96.7,36.64,12.12,-0.1444,1.0404,POOR,BATCH-20240116
DEV-7166,2024-01-16T16:24:00,EARDEF-003,60,98.4,36.47,12.32,-0.4802,0.6975,ACCEPTABLE,BATCH-20240116
DEV-2981,2024-01-16T18:23:00,CEP-001,104,94.0,37.28,13.03,0.2196,0.2182,POOR,BATCH-20240116
DEV-7710,2024-01-16T20:15:00,EARSHIELD-004,58,98.1,36.4,11.65,-0.2918,0.4954,POOR,BATCH-20240116
DEV-8671,2024-01-16T21:33:00,EARDEF-003,92,97.8,36.54,11.64,0.2096,-1.0062,ACCEPTABLE,BATCH-20240116
DEV-9479,2024-01-16T22:03:00,CEP-001,99,94.0,36.26,10.17,-0.3994,0.2521,GOOD,BATCH-20240116
DEV-2071,2024-01-17T00:02:00,EARBUD-002,75,99.6,36.6,10.28,0.4305,-0.4889,ACCEPTABLE,BATCH-20240117
DEV-4928,2024-01-17T00:48:00,EARDEF-003,81,95.7,37.12,13.03,-0.9054,0.0821,ACCEPTABLE,BATCH-20240117
DEV-1161,2024-01-17T01:19:00,EARBUD-002,78,96.9,37.72,10.3,-0.9158,-1.0581,POOR,BATCH-20240117
DEV-3336,2024-01-17T02:22:00,CEP-001,89,94.3,36.8,12.35,0.1704,-0.6451,ACCEPTABLE,BATCH-20240117
DEV-1225,2024-01-17T04:00:00,EARBUD-002,74,96.8,36.34,8.26,-0.8473,0.6425,POOR,BATCH-20240117
DEV-4416,2024-01-17T05:16:00,EARBUD-002,65,98.5,37.63,12.17,0.4426,-0.5681,ACCEPTABLE,BATCH-20240117
DEV-7187,2024-01-17T05:50:00,EARDEF-003,84,95.6,36.55,11.03,-0.9487,-0.7897,ACCEPTABLE,BATCH-20240117
DEV-2147,2024-01-17T07:05:00,EARBUD-002,69,95.5,37.8,13.09,-1.0757,0.6389,POOR,BATCH-20240117
DEV-1174,2024-01-17T08:49:00,EARBUD-002,95,97.0,37.65,12.36,0.4137,-0.8821,GOOD,BATCH-20240117
DEV-9422,2024-01-17T09:19:00,EARBUD-002,82,96.0,36.56,9.98,0.6161,-0.1642,GOOD,BATCH-20240117
DEV-6849,2024-01-17T10:05:00,EARDEF-003,68,95.5,37.1,10.67,-0.4349,1.0915,ACCEPTABLE,BATCH-20240117
DEV-3597,2024-01-17T10:29:00,EARBUD-002,72,97.5,36.83,13.39,0.8481,0.4826,POOR,BATCH-20240117
DEV-5533,2024-01-17T12:18:00,CEP-001,66,98.7,36.85,12.05,-0.4704,-0.5775,POOR,BATCH-20240117
DEV-6908,2024-01-17T12:39:00,EARBUD-002,98,97.3,37.43,12.84,-0.9407,-0.164,POOR,BATCH-20240117
DEV-9532,2024-01-17T14:39:00,EARDEF-003,98,94.1,36.13,8.93,0.931,-0.9345,POOR,BATCH-20240117
DEV-4324,2024-01-17T16:10:00,EARBUD-002,105,94.5,37.47,8.12,0.7622,0.8657,ACCEPTABLE,BATCH-20240117
DEV-4620,2024-01-17T17:31:00,EARDEF-003,61,96.0,37.75,13.45,0.7819,-0.4368,GOOD,BATCH-20240117
DEV-9537,2024-01-17T19:18:00,EARSHIELD-004,93,94.5,37.21,10.26,-0.8683,0.7919,GOOD,BATCH-20240117
DEV-2520,2024-01-17T20:51:00,EARBUD-002,59,94.7,36.69,9.2,-0.5892,0.7113,POOR,BATCH-20240117
DEV-5795,2024-01-17T21:25:00,EARSHIELD-004,76,94.3,36.36,9.05,-0.2876,0.9237,ACCEPTABLE,BATCH-20240117
DEV-7900,2024-01-17T22:14:00,EARSHIELD-004,75,96.5,37.34,8.56,-0.7889,-0.3579,POOR,BATCH-20240117
DEV-6111,2024-01-17T23:35:00,EARBUD-002,83,95.4,37.78,12.46,-0.6156,0.5638,POOR,BATCH-20240117
DEV-1657,2024-01-17T23:55:00,EARSHIELD-004,80,96.1,36.43,11.95,-0.6212,0.4122,GOOD,BATCH-20240117
DEV-8627,2024-01-18T00:29:00,EARSHIELD-004,65,95.8,37.03,11.35,-0.9198,-0.5121,ACCEPTABLE,BATCH-20240118
DEV-7795,2024-01-18T02:08:00,EARBUD-002,65,99.1,37.22,12.75,-0.7324,-0.4339,GOOD,BATCH-20240118
DEV-8468,2024-01-18T02:56:00,EARBUD-002,80,99.0,37.47,9.54,0.8017,1.1969,GOOD,BATCH-20240118
DEV-5948,2024-01-18T03:16:00,EARDEF-003,104,94.2,36.59,8.17,0.3387,0.9625,ACCEPTABLE,BATCH-20240118
DEV-8905,2024-01-18T04:53:00,EARBUD-002,66,97.4,36.81,13.19,1.0582,-0.4114,POOR,BATCH-20240118
DEV-1471,2024-01-18T06:33:00,CEP-001,77,94.5,37.62,11.47,0.4552,-0.5065,ACCEPTABLE,BATCH-20240118
DEV-7294,2024-01-18T08:29:00,EARSHIELD-004,89,98.5,36.91,9.24,0.6872,0.863,GOOD,BATCH-20240118
DEV-7743,2024-01-18T09:17:00,CEP-001,66,95.9,37.13,11.66,0.7664,0.7876,POOR,BATCH-20240118
DEV-4154,2024-01-18T11:17:00,EARDEF-003,88,96.8,36.7,8.36,1.1565,-0.9641,ACCEPTABLE,BATCH-20240118
DEV-3487,2024-01-18T12:23:00,CEP-001,103,97.0,37.28,9.08,-1.1128,1.1464,POOR,BATCH-20240118
DEV-5893,2024-01-18T13:54:00,EARBUD-002,100,97.0,36.89,9.59,0.9327,-0.8912,GOOD,BATCH-20240118
DEV-9631,2024-01-18T15:23:00,EARBUD-002,86,96.7,36.52,11.47,-1.1907,-0.2921,GOOD,BATCH-20240118
DEV-2365,2024-01-18T15:38:00,EARSHIELD-004,70,97.5,37.01,10.74,0.2752,-0.358,ACCEPTABLE,BATCH-20240118
DEV-3024,2024-01-18T17:02:00,EARDEF-003,85,96.0,36.54,12.34,0.7128,0.9599,POOR,BATCH-20240118
DEV-8430,2024-01-18T18:14:00,EARBUD-002,59,95.1,36.23,8.08,-1.1117,-1.1683,ACCEPTABLE,BATCH-20240118
DEV-2800,2024-01-18T19:32:00,CEP-001,74,94.4,37.05,10.28,-0.6097,-0.5956,ACCEPTABLE,BATCH-20240118
DEV-8324,2024-01-18T20:17:00,EARSHIELD-004,89,98.7,37.24,8.05,0.8416,1.0803,POOR,BATCH-20240118
DEV-1165,2024-01-18T20:42:00,EARSHIELD-004,93,99.2,36.89,8.96,-0.4756,0.3007,POOR,BATCH-20240118
DEV-2240,2024-01-18T22:40:00,EARDEF-003,58,99.7,37.1,13.48,0.9994,1.0571,GOOD,BATCH-20240118
DEV-1868,2024-01-19T00:38:00,CEP-001,95,98.2,37.19,11.2,-0.2435,0.1966,ACCEPTABLE,BATCH-20240119
DEV-1865,2024-01-19T01:42:00,CEP-001,98,97.9,36.34,11.33,-1.0833,-0.4505,ACCEPTABLE,BATCH-20240119
DEV-6133,2024-01-19T03:09:00,CEP-001,85,97.3,37.43,8.33,-1.133,-0.3259,GOOD,BATCH-20240119
DEV-5189,2024-01-19T04:28:00,EARSHIELD-004,100,99.7,36.17,8.61,0.4932,-0.4199,GOOD,BATCH-20240119
DEV-1994,2024-01-19T05:35:00,EARDEF-003,63,95.7,37.05,9.98,1.1668,-0.4408,ACCEPTABLE,BATCH-20240119
DEV-9527,2024-01-19T06:56:00,EARDEF-003,82,98.1,37.75,10.68,-0.1874,0.0961,GOOD,BATCH-20240119
DEV-5748,2024-01-19T08:30:00,EARDEF-003,89,96.2,37.05,12.78,-0.7972,1.0949,GOOD,BATCH-20240119
DEV-9238,2024-01-19T09:12:00,EARDEF-003,70,97.7,36.94,10.91,0.3799,0.8585,POOR,BATCH-20240119
DEV-2321,2024-01-19T11:01:00,EARDEF-003,62,96.7,36.71,8.22,0.2795,0.4016,ACCEPTABLE,BATCH-20240119
DEV-5093,2024-01-19T12:45:00,CEP-001,96,95.7,37.3,10.33,0.531,-0.9051,GOOD,BATCH-20240119
DEV-7861,2024-01-19T14:28:00,EARDEF-003,91,97.6,37.32,13.23,-1.1134,-0.4128,GOOD,BATCH-20240119
DEV-5190,2024-01-19T15:02:00,CEP-001,94,96.5,36.65,13.01,0.0289,0.2324,POOR,BATCH-20240119
DEV-8369,2024-01-19T15:40:00,CEP-001,86,95.8,36.66,10.41,-1.099,-0.1194,GOOD,BATCH-20240119
DEV-7446,2024-01-19T17:39:00,EARSHIELD-004,92,96.9,36.26,8.94,-0.2384,-0.9689,POOR,BATCH-20240119
DEV-6003,2024-01-19T18:24:00,EARBUD-002,99,98.0,36.6,9.6,-0.3367,0.4557,GOOD,BATCH-20240119
DEV-9023,2024-01-19T19:18:00,EARDEF-003,67,99.5,36.59,10.93,-0.198,-0.2471,GOOD,BATCH-20240119
DEV-8659,2024-01-19T19:41:00,EARDEF-003,78,95.9,37.31,10.18,-0.9768,0.3431,POOR,BATCH-20240119
DEV-8623,2024-01-19T21:05:00,EARDEF-003,99,94.0,37.68,10.49,-0.1096,0.5252,GOOD,BATCH-20240119
DEV-4190,2024-01-19T22:28:00,EARDEF-003,99,97.1,37.41,9.94,0.8237,-0.7036,GOOD,BATCH-20240119
DEV-9285,2024-01-19T23:38:00,CEP-001,68,97.9,36.42,10.48,-0.5635,0.9852,GOOD,BATCH-20240119
DEV-5134,2024-01-20T00:50:00,EARDEF-003,86,94.9,36.79,8.53,1.1467,0.1261,ACCEPTABLE,BATCH-20240120
DEV-4031,2024-01-20T01:23:00,EARBUD-002,67,96.9,36.76,12.38,0.7576,0.0588,POOR,BATCH-20240120
DEV-1088,2024-01-20T02:40:00,EARBUD-002,76,95.2,37.23,11.19,0.9561,1.0891,ACCEPTABLE,BATCH-20240120
DEV-3217,2024-01-20T04:27:00,EARBUD-002,83,97.5,36.16,13.15,-1.1835,-0.0048,POOR,BATCH-20240120
DEV-9370,2024-01-20T04:47:00,EARBUD-002,98,99.6,37.23,9.64,-0.1662,0.051,POOR,BATCH-20240120
DEV-9469,2024-01-20T06:07:00,EARDEF-003,73,94.3,36.9,13.34,-0.9306,0.107,ACCEPTABLE,BATCH-20240120
DEV-4120,2024-01-20T07:40:00,EARSHIELD-004,61,98.7,37.37,8.77,0.4857,1.1616,POOR,BATCH-20240120
DEV-8120,2024-01-20T09:15:00,EARBUD-002,96,99.6,37.24,8.94,-0.171,0.4662,GOOD,BATCH-20240120
DEV-7205,2024-01-20T11:06:00,EARSHIELD-004,61,100.0,37.58,13.37,0.4795,-0.1333,ACCEPTABLE,BATCH-20240120
DEV-6377,2024-01-20T12:53:00,EARBUD-002,71,97.8,37.08,10.19,0.4012,-0.6566,GOOD,BATCH-20240120
DEV-9535,2024-01-20T14:09:00,EARDEF-003,97,96.2,37.23,12.29,-0.129,-0.8006,POOR,BATCH-20240120
DEV-9988,2024-01-20T14:57:00,EARDEF-003,89,98.5,36.14,9.73,0.0113,0.5435,ACCEPTABLE,BATCH-20240120
DEV-1960,2024-01-20T15:17:00,CEP-001,68,96.7,37.57,11.64,-0.9651,0.3054,POOR,BATCH-20240120
DEV-3787,2024-01-20T16:27:00,EARBUD-002,86,95.9,36.62,11.99,-0.443,-0.3389,ACCEPTABLE,BATCH-20240120
DEV-8778,2024-01-20T18:20:00,EARDEF-003,69,94.5,37.5,11.09,-0.7892,0.0383,GOOD,BATCH-20240120
DEV-3285,2024-01-20T19:35:00,EARDEF-003,100,99.6,36.62,9.82,-0.438,-0.2764,POOR,BATCH-20240120
DEV-9398,2024-01-20T20:55:00,EARBUD-002,96,94.3,37.28,11.06,-0.937,-0.4961,GOOD,BATCH-20240120
DEV-1181,2024-01-20T22:55:00,EARBUD-002,62,95.2,37.44,9.17,-0.7678,-0.1206,ACCEPTABLE,BATCH-20240120
DEV-7359,2024-01-20T23:18:00,CEP-001,95,94.6,36.1,8.78,0.7751,0.567,ACCEPTABLE,BATCH-20240120
DEV-2736,2024-01-20T23:58:00,CEP-001,85,94.7,37.43,12.19,-0.4456,0.6387,POOR,BATCH-20240120
DEV-2166,2024-01-21T00:57:00,EARBUD-002,84,99.5,37.72,9.34,1.0124,-0.9403,GOOD,BATCH-20240121
DEV-4967,2024-01-21T01:46:00,EARDEF-003,74,95.8,37.15,8.39,-0.8962,1.1549,ACCEPTABLE,BATCH-20240121
DEV-2490,2024-01-21T03:43:00,CEP-001,98,99.3,37.56,8.38,1.1177,0.723,GOOD,BATCH-20240121
DEV-4389,2024-01-21T05:42:00,EARBUD-002,96,96.3,37.78,8.1,-0.6902,0.5362,ACCEPTABLE,BATCH-20240121
DEV-5731,2024-01-21T06:40:00,CEP-001,84,96.4,36.97,9.77,0.0932,0.1303,ACCEPTABLE,BATCH-20240121
DEV-7756,2024-01-21T07:37:00,CEP-001,77,95.7,36.5,8.01,0.9029,0.4212,GOOD,BATCH-20240121
DEV-1902,2024-01-21T09:13:00,EARDEF-003,92,99.0,37.62,13.34,-1.1251,-0.9957,POOR,BATCH-20240121
DEV-7566,2024-01-21T10:13:00,EARDEF-003,68,99.9,37.3,9.04,0.3447,0.819,ACCEPTABLE,BATCH-20240121
DEV-7703,2024-01-21T11:49:00,CEP-001,58,95.9,36.55,12.55,-0.727,-1.0592,GOOD,BATCH-20240121
DEV-2695,2024-01-21T13:38:00,EARBUD-002,104,99.7,37.02,10.75,-0.3068,-0.7347,POOR,BATCH-20240121
DEV-8323,2024-01-21T14:37:00,EARDEF-003,81,99.3,36.17,11.07,-0.4071,-0.4793,GOOD,BATCH-20240121
DEV-8560,2024-01-21T15:09:00,CEP-001,84,99.1,36.51,8.95,0.1641,-0.2614,ACCEPTABLE,BATCH-20240121
DEV-6697,2024-01-21T16:23:00,EARDEF-003,78,94.1,37.52,11.55,-0.4791,-0.2094,ACCEPTABLE,BATCH-20240121
DEV-4625,2024-01-21T17:12:00,EARSHIELD-004,94,99.6,37.71,9.69,-0.4685,0.3304,POOR,BATCH-20240121
DEV-7817,2024-01-21T18:29:00,EARSHIELD-004,65,98.4,36.6,11.53,0.2105,0.6568,ACCEPTABLE,BATCH-20240121
DEV-9838,2024-01-21T18:45:00,EARBUD-002,90,99.5,37.04,11.42,0.765,0.8853,GOOD,BATCH-20240121
DEV-4206,2024-01-21T19:20:00,EARBUD-002,67,94.7,37.57,11.08,0.1324,0.919,POOR,BATCH-20240121
DEV-2897,2024-01-21T20:48:00,CEP-001,94,97.1,37.14,11.4,0.4915,0.3592,ACCEPTABLE,BATCH-20240121
DEV-2194,2024-01-21T21:13:00,EARSHIELD-004,78,96.1,37.3,10.78,0.6827,-0.5323,GOOD,BATCH-20240121
DEV-7170,2024-01-21T21:43:00,CEP-001,64,95.0,37.74,13.24,0.8235,-0.6773,GOOD,BATCH-20240121
DEV-5210,2024-01-21T23:03:00,EARSHIELD-004,85,94.8,37.2,11.61,0.532,0.3747,POOR,BATCH-20240121
DEV-5543,2024-01-21T23:21:00,CEP-001,85,98.2,36.5,13.34,-0.3529,-0.8466,ACCEPTABLE,BATCH-20240121
DEV-3052,2024-01-21T23:39:00,EARBUD-002,85,97.9,36.41,12.63,-0.5732,0.0571,POOR,BATCH-20240121
DEV-2436,2024-01-22T00:58:00,EARDEF-003,96,95.6,37.78,10.68,0.1128,-0.2446,ACCEPTABLE,BATCH-20240122
DEV-2395,2024-01-22T01:58:00,EARSHIELD-004,66,97.4,37.26,11.91,0.3238,0.4009,POOR,BATCH-20240122
DEV-8689,2024-01-22T03:38:00,CEP-001,61,94.4,36.52,13.39,-0.9668,-0.0269,POOR,BATCH-20240122
DEV-8862,2024-01-22T05:03:00,EARSHIELD-004,79,94.4,37.75,9.68,-0.078,-0.7772,GOOD,BATCH-20240122
DEV-8383,2024-01-22T06:01:00,CEP-001,75,94.6,36.17,8.64,0.2041,0.1201,ACCEPTABLE,BATCH-20240122
DEV-2494,2024-01-22T07:54:00,EARSHIELD-004,93,99.6,36.27,12.48,-0.711,1.0783,ACCEPTABLE,BATCH-20240122
DEV-9383,2024-01-22T08:10:00,EARBUD-002,72,94.0,36.88,8.08,1.0076,0.417,POOR,BATCH-20240122
DEV-1071,2024-01-22T09:07:00,EARBUD-002,79,95.4,36.75,11.25,-1.0749,-0.9917,POOR,BATCH-20240122
DEV-8643,2024-01-22T09:30:00,EARSHIELD-004,73,96.1,36.85,11.88,0.5511,0.247,POOR,BATCH-20240122
DEV-1663,2024-01-22T11:19:00,EARDEF-003,74,94.3,37.12,9.03,-0.9949,-0.293,GOOD,BATCH-20240122
DEV-3173,2024-01-22T12:50:00,CEP-001,89,94.6,36.14,12.75,0.3506,-0.4436,GOOD,BATCH-20240122
DEV-2937,2024-01-22T14:07:00,EARDEF-003,73,94.8,37.11,12.35,-0.1696,-0.366,ACCEPTABLE,BATCH-20240122
DEV-4809,2024-01-22T14:33:00,EARBUD-002,70,96.2,36.28,11.97,-0.7899,-0.1475,ACCEPTABLE,BATCH-20240122
DEV-5337,2024-01-22T16:06:00,EARSHIELD-004,58,95.4,37.32,8.53,-0.6381,0.8215,ACCEPTABLE,BATCH-20240122
DEV-7611,2024-01-22T16:52:00,EARSHIELD-004,90,98.1,36.61,9.64,-0.7523,0.4717,POOR,BATCH-20240122
DEV-9906,2024-01-22T17:21:00,CEP-001,100,99.5,36.57,12.48,-0.0313,0.7713,ACCEPTABLE,BATCH-20240122
DEV-6586,2024-01-22T18:32:00,EARSHIELD-004,77,94.4,36.5,11.03,-0.2297,0.0039,POOR,BATCH-20240122
DEV-2749,2024-01-22T20:01:00,EARBUD-002,65,99.0,37.16,12.06,0.9624,-1.0131,ACCEPTABLE,BATCH-20240122
DEV-4165,2024-01-22T22:01:00,EARSHIELD-004,64,98.7,37.69,11.91,-0.6958,-0.4088,GOOD,BATCH-20240122
DEV-4961,2024-01-22T23:45:00,CEP-001,100,99.9,37.38,8.68,-1.1773,1.0494,ACCEPTABLE,BATCH-20240122
DEV-3449,2024-01-23T00:18:00,EARDEF-003,80,96.7,37.21,9.31,-0.6112,0.7207,POOR,BATCH-20240123
DEV-8039,2024-01-23T01:33:00,EARSHIELD-004,75,96.0,36.29,9.36,0.5759,-0.489,ACCEPTABLE,BATCH-20240123
DEV-9261,2024-01-23T02:53:00,EARDEF-003,97,94.1,36.87,13.41,0.7677,-0.1235,GOOD,BATCH-20240123
DEV-2244,2024-01-23T03:27:00,EARDEF-003,85,99.6,36.58,13.05,-0.9528,-1.0254,POOR,BATCH-20240123
DEV-5221,2024-01-23T05:04:00,EARDEF-003,71,94.5,37.65,10.19,0.5698,0.5794,POOR,BATCH-20240123
DEV-8034,2024-01-23T06:50:00,EARDEF-003,97,94.5,36.35,10.61,0.1629,0.1167,ACCEPTABLE,BATCH-20240123
DEV-8791,2024-01-23T08:26:00,EARSHIELD-004,58,94.9,36.39,11.45,0.0875,-0.073,ACCEPTABLE,BATCH-20240123
DEV-8047,2024-01-23T09:26:00,EARDEF-003,92,99.9,37.31,9.22,-0.2922,0.5486,ACCEPTABLE,BATCH-20240123
DEV-8113,2024-01-23T10:19:00,CEP-001,82,100.0,37.71,8.08,0.9135,-0.6358,GOOD,BATCH-20240123
DEV-3846,2024-01-23T10:50:00,EARDEF-003,101,99.5,37.7,8.32,0.1077,0.3554,POOR,BATCH-20240123
DEV-6415,2024-01-23T11:13:00,EARDEF-003,103,95.9,36.48,11.16,0.789,-0.3379,POOR,BATCH-20240123
DEV-3686,2024-01-23T12:58:00,EARBUD-002,80,98.2,36.22,8.72,-1.0873,0.0096,POOR,BATCH-20240123
DEV-5866,2024-01-23T14:54:00,EARBUD-002,104,96.9,37.47,11.57,1.069,0.4002,POOR,BATCH-20240123
DEV-4794,2024-01-23T16:06:00,EARDEF-003,61,95.9,36.17,13.47,-0.0954,-0.2362,POOR,BATCH-20240123
DEV-6295,2024-01-23T16:39:00,EARDEF-003,100,99.6,36.54,12.11,-0.7996,0.881,GOOD,BATCH-20240123
DEV-5215,2024-01-23T17:46:00,CEP-001,102,95.6,37.45,13.28,-0.6209,0.7195,GOOD,BATCH-20240123
DEV-8282,2024-01-23T18:22:00,EARDEF-003,87,96.2,36.31,11.58,-0.1821,0.1391,GOOD,BATCH-20240123
DEV-3553,2024-01-23T20:01:00,EARBUD-002,62,96.7,37.24,10.56,0.5647,-1.1169,POOR,BATCH-20240123
DEV-9691,2024-01-23T21:47:00,EARDEF-003,96,97.5,36.17,8.99,0.5106,-0.859,GOOD,BATCH-20240123
DEV-9440,2024-01-23T23:40:00,EARBUD-002,84,98.6,36.67,8.15,0.9642,0.6649,GOOD,BATCH-20240123
DEV-3341,2024-01-24T00:30:00,EARSHIELD-004,61,95.9,37.48,9.04,-0.5967,0.7929,GOOD,BATCH-20240124
DEV-3691,2024-01-24T01:07:00,EARDEF-003,63,96.8,37.5,8.48,-0.5481,0.0628,GOOD,BATCH-20240124
DEV-9313,2024-01-24T01:58:00,EARSHIELD-004,93,99.0,37.33,9.66,-0.6945,0.2722,ACCEPTABLE,BATCH-20240124
DEV-9659,2024-01-24T03:25:00,EARSHIELD-004,93,94.3,36.59,12.17,-1.1044,1.1255,ACCEPTABLE,BATCH-20240124
DEV-5493,2024-01-24T03:48:00,EARBUD-002,84,99.1,36.89,11.27,0.2048,0.7191,POOR,BATCH-20240124
DEV-7990,2024-01-24T05:19:00,CEP-001,71,99.2,36.27,10.21,-0.1688,0.0015,GOOD,BATCH-20240124
DEV-4573,2024-01-24T06:57:00,EARSHIELD-004,70,95.4,36.32,12.93,-0.6184,-0.3249,ACCEPTABLE,BATCH-20240124
DEV-8795,2024-01-24T08:40:00,CEP-001,58,97.6,36.96,9.26,0.8969,-0.7933,POOR,BATCH-20240124
DEV-9276,2024-01-24T10:24:00,EARDEF-003,98,94.5,36.62,10.49,0.9931,-0.064,GOOD,BATCH-20240124
DEV-1100,2024-01-24T11:26:00,CEP-001,94,94.8,37.27,12.98,-1.0792,0.0312,ACCEPTABLE,BATCH-20240124
DEV-7691,2024-01-24T12:52:00,EARBUD-002,74,97.7,37.15,11.41,1.0982,-0.4786,ACCEPTABLE,BATCH-20240124
DEV-6303,2024-01-24T14:19:00,EARSHIELD-004,67,95.4,37.7,9.62,-1.1985,-1.1005,POOR,BATCH-20240124
DEV-6788,2024-01-24T14:46:00,EARDEF-003,97,99.6,36.75,11.95,0.4784,0.2818,POOR,BATCH-20240124
DEV-1083,2024-01-24T15:35:00,CEP-001,90,99.9,36.73,10.81,0.5957,0.4583,GOOD,BATCH-20240124
DEV-9197,2024-01-24T16:16:00,EARSHIELD-004,84,95.5,37.18,10.29,-0.8149,0.6631,POOR,BATCH-20240124
DEV-8533,2024-01-24T16:49:00,EARSHIELD-004,83,97.3,36.96,8.84,0.8332,-0.9958,POOR,BATCH-20240124
DEV-8319,2024-01-24T17:12:00,EARSHIELD-004,61,99.9,37.45,10.78,0.6361,-0.3796,POOR,BATCH-20240124
DEV-7693,2024-01-24T18:28:00,EARSHIELD-004,62,96.9,36.63,9.59,-0.6828,0.4889,POOR,BATCH-20240124
DEV-4658,2024-01-24T18:46:00,CEP-001,91,97.7,36.71,8.41,0.2368,0.3077,GOOD,BATCH-20240124
DEV-7349,2024-01-24T20:10:00,EARBUD-002,64,99.9,36.46,12.69,-0.4975,-0.5311,ACCEPTABLE,BATCH-20240124
DEV-7786,2024-01-24T21:47:00,EARSHIELD-004,81,96.9,36.67,13.14,0.338,0.8475,GOOD,BATCH-20240124
DEV-5222,2024-01-24T22:05:00,EARDEF-003,62,96.8,37.65,13.29,-0.9801,-0.0763,GOOD,BATCH-20240124
DEV-1643,2024-01-24T23:18:00,CEP-001,58,95.7,36.77,10.55,-1.1952,-0.1773,ACCEPTABLE,BATCH-20240124
DEV-7377,2024-01-25T00:34:00,EARDEF-003,88,98.1,36.59,12.77,1.0236,0.6555,POOR,BATCH-20240125
DEV-7763,2024-01-25T02:24:00,EARSHIELD-004,79,98.5,37.24,8.15,1.1787,-1.0882,ACCEPTABLE,BATCH-20240125
DEV-1689,2024-01-25T02:58:00,EARSHIELD-004,90,100.0,37.45,12.26,0.0293,1.1298,ACCEPTABLE,BATCH-20240125
DEV-3227,2024-01-25T03:46:00,CEP-001,70,97.6,36.46,11.35,0.5227,-0.717,POOR,BATCH-20240125
DEV-5844,2024-01-25T05:18:00,EARBUD-002,69,98.0,36.11,9.06,-0.1879,-0.724,ACCEPTABLE,BATCH-20240125
DEV-9499,2024-01-25T06:57:00,EARSHIELD-004,92,96.2,37.36,11.86,-0.6508,-0.4123,ACCEPTABLE,BATCH-20240125
DEV-2911,2024-01-25T08:36:00,EARBUD-002,78,96.1,36.55,8.49,0.321,1.1016,POOR,BATCH-20240125
DEV-1652,2024-01-25T09:40:00,EARDEF-003,99,97.4,37.33,10.35,1.1782,0.5821,GOOD,BATCH-20240125
DEV-7545,2024-01-25T10:26:00,EARDEF-003,67,94.5,37.76,10.06,0.7447,-0.3899,GOOD,BATCH-20240125
DEV-6196,2024-01-25T11:38:00,EARBUD-002,98,97.3,37.67,13.14,0.7338,-1.0524,GOOD,BATCH-20240125
DEV-7854,2024-01-25T13:07:00,EARDEF-003,89,99.6,37.53,11.78,0.2407,0.4603,GOOD,BATCH-20240125
DEV-4984,2024-01-25T15:00:00,EARSHIELD-004,86,95.0,37.09,11.32,-0.6736,-0.766,POOR,BATCH-20240125
DEV-1174,2024-01-25T15:47:00,EARSHIELD-004,75,94.5,37.5,8.62,0.0502,-0.8408,GOOD,BATCH-20240125
DEV-6061,2024-01-25T16:17:00,EARDEF-003,104,94.2,37.01,8.57,-1.1778,-0.1025,GOOD,BATCH-20240125
DEV-8766,2024-01-25T18:12:00,EARSHIELD-004,79,99.7,37.15,8.58,-0.6557,1.169,ACCEPTABLE,BATCH-20240125
DEV-1389,2024-01-25T18:29:00,EARBUD-002,64,95.8,36.59,10.84,-0.3384,-0.494,GOOD,BATCH-20240125
DEV-3347,2024-01-25T19:39:00,CEP-001,59,95.5,36.82,9.2,0.0353,-0.2773,GOOD,BATCH-20240125
DEV-8849,2024-01-25T21:29:00,EARSHIELD-004,61,95.6,37.28,11.68,1.0225,-0.8786,GOOD,BATCH-20240125
DEV-9517,2024-01-25T21:51:00,EARDEF-003,73,98.8,37.09,12.04,-0.9067,0.3138,GOOD,BATCH-20240125
DEV-8671,2024-01-25T22:34:00,EARBUD-002,64,99.5,37.31,11.46,0.6459,-0.3553,GOOD,BATCH-20240125
DEV-1810,2024-01-25T23:40:00,EARBUD-002,66,98.6,36.98,9.65,0.9956,-1.0582,POOR,BATCH-20240125
DEV-1893,2024-01-26T00:30:00,EARSHIELD-004,81,99.6,36.48,9.64,0.0276,0.0443,POOR,BATCH-20240126
DEV-3290,2024-01-26T00:46:00,EARSHIELD-004,65,96.5,37.21,8.63,0.2047,1.1375,GOOD,BATCH-20240126
DEV-3314,2024-01-26T01:07:00,EARDEF-003,100,94.6,36.56,13.01,0.8523,-0.6419,ACCEPTABLE,BATCH-20240126
DEV-3687,2024-01-26T01:44:00,EARBUD-002,80,100.0,36.37,8.34,0.6903,-0.4996,GOOD,BATCH-20240126
DEV-5183,2024-01-26T03:16:00,CEP-001,68,99.4,37.08,9.37,0.0057,-0.6843,POOR,BATCH-20240126
DEV-6242,2024-01-26T04:44:00,CEP-001,72,97.6,36.26,10.52,-0.4829,-1.0839,ACCEPTABLE,BATCH-20240126
DEV-2310,2024-01-26T05:42:00,EARDEF-003,68,99.9,36.21,11.99,-0.2029,0.8106,ACCEPTABLE,BATCH-20240126
DEV-3805,2024-01-26T06:35:00,CEP-001,94,96.4,37.16,13.24,0.645,-0.6692,POOR,BATCH-20240126
DEV-7877,2024-01-26T06:58:00,CEP-001,94,94.5,37.14,10.95,-0.7486,-0.179,GOOD,BATCH-20240126
DEV-1792,2024-01-26T07:26:00,EARDEF-003,99,99.8,36.49,12.43,-0.34,1.0811,ACCEPTABLE,BATCH-20240126
DEV-3101,2024-01-26T08:14:00,EARSHIELD-004,58,97.3,37.26,12.78,-0.1334,0.079,ACCEPTABLE,BATCH-20240126
DEV-8911,2024-01-26T08:41:00,EARBUD-002,102,97.0,37.24,10.21,0.8643,0.0356,GOOD,BATCH-20240126
DEV-3836,2024-01-26T09:42:00,CEP-001,62,98.8,36.77,10.6,-0.0017,0.1541,GOOD,BATCH-20240126
DEV-8939,2024-01-26T10:14:00,CEP-001,71,94.9,36.33,9.41,0.3218,-0.8377,POOR,BATCH-20240126
DEV-2071,2024-01-26T12:05:00,EARDEF-003,81,95.6,37.28,9.54,0.9341,-0.5838,POOR,BATCH-20240126
DEV-7793,2024-01-26T12:26:00,EARBUD-002,69,97.8,36.36,8.03,0.4262,0.9588,ACCEPTABLE,BATCH-20240126
DEV-3632,2024-01-26T13:51:00,EARSHIELD-004,79,94.8,37.62,8.64,0.6014,0.4282,POOR,BATCH-20240126
DEV-4397,2024-01-26T15:45:00,EARBUD-002,79,99.1,37.47,9.43,0.478,-1.1378,GOOD,BATCH-20240126
DEV-6781,2024-01-26T17:17:00,EARBUD-002,105,97.7,36.2,10.49,0.1236,-1.1673,ACCEPTABLE,BATCH-20240126
DEV-9800,2024-01-26T18:09:00,EARSHIELD-004,67,100.0,36.25,10.72,0.4274,-0.5568,ACCEPTABLE,BATCH-20240126
DEV-1769,2024-01-26T18:40:00,EARBUD-002,83,94.4,37.41,11.7,0.8348,-0.9886,ACCEPTABLE,BATCH-20240126
DEV-9204,2024-01-26T19:52:00,CEP-001,92,95.7,36.61,9.9,0.4259,-0.4312,GOOD,BATCH-20240126
DEV-2919,2024-01-26T21:44:00,EARBUD-002,70,99.3,37.32,11.92,0.3798,-0.7365,GOOD,BATCH-20240126
DEV-9239,2024-01-26T23:18:00,EARSHIELD-004,89,94.1,36.15,8.44,-0.0175,0.4009,ACCEPTABLE,BATCH-20240126
DEV-2536,2024-01-27T00:59:00,EARBUD-002,85,96.6,36.81,9.2,-0.7059,0.5795,GOOD,BATCH-20240127
DEV-6807,2024-01-27T01:22:00,EARDEF-003,71,99.0,36.13,11.33,-0.9941,-0.5788,ACCEPTABLE,BATCH-20240127
DEV-4693,2024-01-27T03:19:00,EARBUD-002,69,95.4,37.31,13.1,-0.4072,-0.4797,ACCEPTABLE,BATCH-20240127
DEV-9061,2024-01-27T04:00:00,EARSHIELD-004,101,96.3,36.2,8.11,0.8388,-0.6749,GOOD,BATCH-20240127
DEV-3879,2024-01-27T05:18:00,EARDEF-003,61,94.5,36.26,9.13,-0.608,0.9263,ACCEPTABLE,BATCH-20240127
DEV-7970,2024-01-27T05:52:00,EARDEF-003,60,96.6,36.63,10.82,-1.1941,0.3318,POOR,BATCH-20240127
DEV-1027,2024-01-27T07:44:00,EARBUD-002,88,97.6,36.51,12.49,-0.8666,-0.0673,POOR,BATCH-20240127
DEV-7217,2024-01-27T08:04:00,EARBUD-002,74,98.6,36.37,12.92,-0.4866,0.2696,POOR,BATCH-20240127
DEV-5698,2024-01-27T09:37:00,EARDEF-003,86,94.8,37.75,11.66,-0.7058,-0.7226,ACCEPTABLE,BATCH-20240127
DEV-7855,2024-01-27T11:07:00,EARDEF-003,97,99.8,36.19,13.16,1.1773,0.3973,ACCEPTABLE,BATCH-20240127
DEV-4839,2024-01-27T12:48:00,EARSHIELD-004,86,97.1,36.54,9.22,-0.2582,1.1254,ACCEPTABLE,BATCH-20240127
DEV-3125,2024-01-27T14:15:00,EARBUD-002,89,95.8,37.41,11.49,-0.7153,-0.5075,POOR,BATCH-20240127
DEV-8621,2024-01-27T14:52:00,EARSHIELD-004,80,99.7,36.24,12.73,0.0768,-0.6271,POOR,BATCH-20240127
DEV-9295,2024-01-27T16:03:00,EARBUD-002,82,99.6,37.7,12.92,-0.5696,-1.1197,ACCEPTABLE,BATCH-20240127
DEV-7989,2024-01-27T17:06:00,EARBUD-002,86,98.5,36.73,12.68,-0.5853,0.4131,POOR,BATCH-20240127
DEV-6538,2024-01-27T17:47:00,EARDEF-003,97,98.3,37.28,11.07,0.7124,0.5596,POOR,BATCH-20240127
DEV-9365,2024-01-27T19:19:00,CEP-001,64,96.9,36.12,9.68,-0.2584,-1.1354,POOR,BATCH-20240127
DEV-4601,2024-01-27T19:36:00,EARDEF-003,87,97.9,36.26,11.98,-0.6586,-0.5551,ACCEPTABLE,BATCH-20240127
DEV-5376,2024-01-27T19:56:00,EARSHIELD-004,104,99.4,36.2,12.35,-1.0843,-1.1544,ACCEPTABLE,BATCH-20240127
DEV-7778,2024-01-27T21:44:00,EARDEF-003,73,94.2,37.17,12.01,0.4846,0.5401,ACCEPTABLE,BATCH-20240127
DEV-2940,2024-01-27T23:39:00,CEP-001,68,94.7,36.43,10.24,-0.4851,0.6412,ACCEPTABLE,BATCH-20240127
DEV-8457,2024-01-27T23:56:00,EARDEF-003,59,97.0,36.59,8.93,0.099,-0.4649,POOR,BATCH-20240127
DEV-9914,2024-01-28T01:50:00,EARSHIELD-004,94,99.4,36.9,9.65,0.2606,-0.7369,ACCEPTABLE,BATCH-20240128
DEV-2684,2024-01-28T02:41:00,EARSHIELD-004,96,99.3,37.67,11.61,-1.1256,0.5353,GOOD,BATCH-20240128
DEV-1672,2024-01-28T04:12:00,EARBUD-002,93,96.6,36.34,12.09,-0.3632,-1.0408,POOR,BATCH-20240128
DEV-7257,2024-01-28T04:32:00,EARBUD-002,86,96.1,36.52,8.53,-0.3388,-0.3761,GOOD,BATCH-20240128
DEV-1187,2024-01-28T05:31:00,EARDEF-003,78,96.9,37.33,12.79,0.0686,-0.0177,ACCEPTABLE,BATCH-20240128
DEV-6549,2024-01-28T06:15:00,EARDEF-003,75,94.9,36.55,11.55,-1.0543,0.354,GOOD,BATCH-20240128
DEV-7856,2024-01-28T07:46:00,EARBUD-002,73,96.8,36.52,11.64,0.9315,0.322,POOR,BATCH-20240128
DEV-1567,2024-01-28T08:16:00,CEP-001,79,94.2,37.34,8.62,-0.2342,-0.4718,ACCEPTABLE,BATCH-20240128
DEV-6888,2024-01-28T08:56:00,EARSHIELD-004,90,98.4,36.14,9.72,-0.2062,-1.1444,GOOD,BATCH-20240128
DEV-7617,2024-01-28T09:42:00,EARDEF-003,72,98.7,36.95,13.1,1.1742,-0.3252,GOOD,BATCH-20240128
DEV-5414,2024-01-28T10:04:00,EARSHIELD-004,86,95.4,37.16,10.0,0.014,0.0973,POOR,BATCH-20240128
DEV-8795,2024-01-28T11:46:00,CEP-001,90,95.0,36.39,8.81,0.8737,-0.8476,GOOD,BATCH-20240128
DEV-9269,2024-01-28T12:48:00,EARSHIELD-004,58,97.8,36.68,9.71,-0.4859,-0.4894,POOR,BATCH-20240128
DEV-3516,2024-01-28T14:09:00,EARSHIELD-004,87,99.7,37.72,11.62,0.7189,-0.4071,ACCEPTABLE,BATCH-20240128
DEV-8201,2024-01-28T14:57:00,EARBUD-002,94,98.5,36.71,9.56,-1.0781,0.1379,ACCEPTABLE,BATCH-20240128
DEV-9353,2024-01-28T15:58:00,EARBUD-002,96,98.8,37.49,8.89,0.1162,0.5392,POOR,BATCH-20240128
DEV-6537,2024-01-28T16:44:00,EARDEF-003,100,97.4,36.6,10.42,0.5316,-1.0704,GOOD,BATCH-20240128
DEV-7593,2024-01-28T17:17:00,EARBUD-002,68,95.9,37.2,12.83,1.1517,0.9641,POOR,BATCH-20240128
DEV-8012,2024-01-28T18:36:00,CEP-001,103,95.7,37.62,10.92,1.0648,0.3257,ACCEPTABLE,BATCH-20240128
DEV-5552,2024-01-28T19:24:00,CEP-001,91,99.6,37.67,12.05,-0.0108,0.6075,POOR,BATCH-20240128
DEV-6317,2024-01-28T20:38:00,EARBUD-002,85,96.7,36.7,11.9,-0.6007,0.408,GOOD,BATCH-20240128
DEV-9350,2024-01-28T21:47:00,CEP-001,91,94.1,37.08,8.16,0.0545,1.0583,POOR,BATCH-20240128
DEV-6444,2024-01-28T22:18:00,EARBUD-002,100,95.6,37.37,10.59,0.1307,-0.0213,ACCEPTABLE,BATCH-20240128
DEV-5497,2024-01-29T00:11:00,EARDEF-003,95,99.8,36.76,11.3,-0.6681,1.1576,ACCEPTABLE,BATCH-20240129
